LLP,Diesel Cost,Demand,PV energy,Renewable invesment cost,Genererator invesment cost,Battery invesment cost,LCOE,NPC
2.11,0.834,75905147.9040892,503823.180031419,1.562,1.661,0.487,0.257083143057829,145758.229882822
0.18,0.725,136752178.826227,417993.759568193,1.616,1.411,0.501,0.241911829636207,247103.908302645
0.71,0.716,84971598.4946137,492204.23748792,1.661,1.464,0.542,0.23567750157595,149582.286544535
0.23,0.56,105671890.448763,492204.23748792,1.531,1.608,0.41,0.202641673020686,159947.145211903
2.5,0.487,84971598.4946137,498978.767180072,1.343,1.445,0.464,0.176320578880148,111909.007764363
3.68,0.552,120443412.640707,498978.767180072,1.441,1.616,0.507,0.202267000686947,181968.5525975
2.33,0.958,120703373.658017,503823.180031419,1.742,1.322,0.595,0.27962732749203,252108.375840176
4.31,0.624,110326321.232038,498978.767180072,1.48,1.656,0.463,0.210381424076176,173370.332228945
2.79,1.128,154222876.816518,492204.23748792,1.354,1.438,0.557,0.293592455482433,338206.496075873
2.42,0.746,145702617.80883,503823.180031419,1.632,1.459,0.565,0.233988230613693,254653.483746802
1.14,0.534,84971598.4946137,417993.759568193,1.754,1.385,0.406,0.203201233387145,128969.905550885
1.88,1.046,136752178.826227,417993.759568193,1.795,1.564,0.442,0.310921301664711,317594.509253369
3.34,0.503,110326321.232038,492204.23748792,1.799,1.375,0.421,0.188390927439401,155248.48651686
3.17,0.706,154222876.816518,492204.23748792,1.749,1.316,0.595,0.227068177019903,261573.249196905
1.74,0.555,128208122.829654,417993.759568193,1.77,1.574,0.457,0.210890233460095,201957.628737104
1.54,0.961,136752178.826227,500994.568547431,1.563,1.3,0.469,0.268404750533434,274165.438554813
0.34,0.883,120703373.658017,492204.23748792,1.455,1.558,0.564,0.265800090656585,239641.918243892
4.78,0.396,84971598.4946137,417993.759568193,1.471,1.517,0.462,0.166455884923439,105647.979587131
0.16,0.586,120703373.658017,498978.767180072,1.473,1.626,0.449,0.205846911296533,185588.908438017
4.56,0.502,145702617.80883,500994.568547431,1.627,1.647,0.415,0.188428935948127,205070.506546604
2.11,0.448,128208122.829654,417993.759568193,1.635,1.493,0.524,0.180935721462054,173271.889649778
4.66,0.508,154222876.816518,492204.23748792,1.568,1.549,0.454,0.186755219970352,215134.37212228
3.28,0.761,145702617.80883,417993.759568193,1.311,1.619,0.474,0.239575212917885,260733.894302763
4.23,1.274,154222876.816518,503823.180031419,1.76,1.302,0.487,0.320234247390005,368896.750276842
4.75,0.71,154222876.816518,498978.767180072,1.756,1.589,0.469,0.231880585675809,267116.947063816
1.28,0.808,154222876.816518,492204.23748792,1.798,1.368,0.561,0.251757217054763,290014.013139378
1.59,0.714,145702617.80883,500994.568547431,1.766,1.432,0.559,0.23187547138204,252354.130923595
3.84,0.747,68635646.7221124,500994.568547431,1.777,1.34,0.428,0.239599115807256,122835.301177719
4.91,1.274,105671890.448763,417993.759568193,1.531,1.637,0.581,0.347662683380557,274413.712019408
2,1.069,145702617.80883,417993.759568193,1.666,1.509,0.545,0.311831397678085,339371.563911948
2.91,0.588,75905147.9040892,498978.767180072,1.353,1.32,0.498,0.19523075013671,110689.826723572
3.04,1.079,136752178.826227,500994.568547431,1.631,1.448,0.499,0.2925883308633,298868.06357835
4.86,0.351,105671890.448763,503823.180031419,1.432,1.332,0.591,0.146185777670883,115385.929559774
3.28,0.906,68635646.7221124,492204.23748792,1.482,1.452,0.415,0.262697896862402,134677.355428159
4.03,1.107,75905147.9040892,498978.767180072,1.423,1.519,0.574,0.299002432347276,169525.176762732
4.2,0.535,68635646.7221124,417993.759568193,1.54,1.339,0.587,0.19754878665796,101277.354988005
2.52,0.646,154222876.816518,498978.767180072,1.318,1.579,0.505,0.20750578018762,239038.168461875
4.54,0.696,110326321.232038,500994.568547431,1.798,1.515,0.42,0.230092206501263,189613.51963266
3.27,1.191,75905147.9040892,503823.180031419,1.752,1.538,0.419,0.311351297511186,176526.603250459
4.62,0.686,120703373.658017,498978.767180072,1.603,1.517,0.58,0.224538482975415,202440.987310735
0.9,0.629,105671890.448763,417993.759568193,1.784,1.543,0.484,0.230771535871109,182150.333682757
0.84,0.813,145702617.80883,417993.759568193,1.417,1.342,0.423,0.249051021356212,271046.582354673
1.33,0.483,75905147.9040892,417993.759568193,1.527,1.417,0.434,0.186917241920584,105976.323429323
1.53,0.931,154222876.816518,500994.568547431,1.43,1.375,0.571,0.261691284277878,301457.65211774
1.07,1.258,105671890.448763,500994.568547431,1.669,1.305,0.439,0.320033145190935,252605.434920837
2.26,0.731,105671890.448763,417993.759568193,1.588,1.47,0.418,0.244155212229333,192714.206325673
3.61,0.43,136752178.826227,498978.767180072,1.729,1.514,0.465,0.172495270803498,176197.483369734
3.99,0.657,84971598.4946137,498978.767180072,1.64,1.68,0.552,0.223637134363608,141940.379080247
3.57,0.715,128208122.829654,417993.759568193,1.519,1.508,0.42,0.235796172153591,225808.63519427
1.74,0.871,68635646.7221124,500994.568547431,1.643,1.575,0.591,0.269350432182314,138087.911334694
3.6,0.475,145702617.80883,503823.180031419,1.714,1.475,0.415,0.180838540142422,196809.746037965
2.85,1.133,105671890.448763,417993.759568193,1.301,1.409,0.464,0.306544458560292,241958.676595815
0.56,0.386,120703373.658017,417993.759568193,1.643,1.509,0.411,0.163905584129912,147775.151222675
3.85,1.205,120703373.658017,498978.767180072,1.566,1.405,0.597,0.319662093936259,288203.202608075
2.12,0.895,120703373.658017,498978.767180072,1.362,1.453,0.535,0.258783730981076,233316.059258763
1.25,0.79,120443412.640707,503823.180031419,1.574,1.442,0.512,0.255648134072687,229992.63732327
3.67,0.776,136752178.826227,500994.568547431,1.363,1.573,0.441,0.231454248636653,236421.879481369
2.76,0.325,145702617.80883,503823.180031419,1.389,1.543,0.48,0.142023346234267,154566.491643952
1.42,0.785,128208122.829654,417993.759568193,1.449,1.583,0.494,0.251092454634394,240457.018325301
0.36,0.666,128208122.829654,417993.759568193,1.704,1.671,0.587,0.238320133191483,228225.689686905
2.68,0.347,120703373.658017,498978.767180072,1.721,1.361,0.465,0.147628933958556,133100.334295363
1.8,0.593,110326321.232038,503823.180031419,1.432,1.625,0.595,0.203106595490232,167375.318865041
1.61,1.04,110326321.232038,498978.767180072,1.762,1.341,0.582,0.295716250655775,243692.734977999
4.15,0.344,105671890.448763,498978.767180072,1.536,1.593,0.449,0.152346537919673,120248.680638761
0.05,0.567,128208122.829654,492204.23748792,1.455,1.439,0.52,0.196921092978239,188580.174310108
1.14,0.537,105671890.448763,498978.767180072,1.564,1.407,0.467,0.19274950902397,152139.158988451
0.47,1.197,84971598.4946137,503823.180031419,1.353,1.357,0.52,0.308419842133633,195751.163745199
1.1,1.219,128208122.829654,492204.23748792,1.404,1.32,0.521,0.309998999208843,296868.478752667
0.35,0.552,84971598.4946137,492204.23748792,1.785,1.514,0.471,0.205067254118669,130154.251302577
0.9,0.906,105671890.448763,492204.23748792,1.636,1.518,0.49,0.274086646466573,216339.393519305
4.35,0.696,136752178.826227,492204.23748792,1.478,1.337,0.546,0.217705728834826,222378.279457689
0.55,0.745,110326321.232038,417993.759568193,1.627,1.372,0.424,0.245201959419141,202065.107955026
4.21,0.9,120443412.640707,503823.180031419,1.648,1.691,0.535,0.278401765764836,250462.834692564
2.75,0.714,105671890.448763,503823.180031419,1.559,1.5,0.483,0.230228900840072,181722.026302481
1.16,0.806,110326321.232038,492204.23748792,1.664,1.388,0.578,0.249792713570598,205848.239359876
3.19,1.035,128208122.829654,503823.180031419,1.373,1.565,0.527,0.27903349322224,267214.567999697
4.34,0.723,120443412.640707,417993.759568193,1.399,1.322,0.598,0.23781072748383,213945.298666723
2.67,1.249,75905147.9040892,492204.23748792,1.43,1.63,0.475,0.315590244758136,178929.955877679
1.12,1.192,75905147.9040892,498978.767180072,1.544,1.457,0.437,0.306746982483126,173916.098336249
0.55,0.298,136752178.826227,500994.568547431,1.455,1.531,0.526,0.135293199562841,138196.955597512
1.38,0.503,75905147.9040892,500994.568547431,1.77,1.515,0.466,0.192079481689694,108903.154500496
1.46,1.194,105671890.448763,503823.180031419,1.615,1.648,0.554,0.327200749931262,258262.898655385
1.78,1.003,136752178.826227,492204.23748792,1.372,1.505,0.571,0.277462443786854,283417.534272879
1.44,0.587,154222876.816518,503823.180031419,1.319,1.654,0.587,0.198034844709481,228128.038304209
0.89,1.116,75905147.9040892,503823.180031419,1.516,1.594,0.565,0.30986673851817,175684.903991593
4.72,0.541,154222876.816518,500994.568547431,1.608,1.674,0.555,0.196178708702995,225989.845570467
0,0.931,145702617.80883,417993.759568193,1.508,1.385,0.42,0.276867237248865,301319.456606249
0.21,1.246,120443412.640707,503823.180031419,1.795,1.571,0.433,0.33847426752837,304506.777400448
3.5,0.365,110326321.232038,503823.180031419,1.622,1.593,0.495,0.15739693538242,129707.074181546
4.04,0.845,128208122.829654,492204.23748792,1.538,1.383,0.598,0.249298110796904,238738.676889508
1.22,0.647,120443412.640707,498978.767180072,1.462,1.476,0.409,0.223472821667329,201046.269364627
3.5,0.35,128208122.829654,498978.767180072,1.497,1.424,0.463,0.147840553939705,141578.522698599
3.61,1.009,120703373.658017,500994.568547431,1.381,1.329,0.582,0.276522111807966,249308.753608099
0.84,0.582,145702617.80883,500994.568547431,1.342,1.304,0.454,0.190561730186242,207391.663817748
0.69,0.91,145702617.80883,492204.23748792,1.482,1.495,0.591,0.265424681200948,288866.322733115
3.56,1.221,110326321.232038,498978.767180072,1.353,1.527,0.542,0.307838403705742,253682.313244387
2.54,0.705,154222876.816518,417993.759568193,1.673,1.576,0.418,0.239703367778659,276128.471969053
4.81,0.641,120703373.658017,492204.23748792,1.666,1.7,0.435,0.221788830012483,199961.935821647
0.28,0.99,120443412.640707,498978.767180072,1.761,1.447,0.578,0.306544909124212,275781.680798241
0.6,1.242,68635646.7221124,417993.759568193,1.778,1.388,0.53,0.356301064444859,182664.900133579
4.28,0.421,120443412.640707,498978.767180072,1.708,1.68,0.547,0.179950654263214,161891.756856231
2.14,0.857,75905147.9040892,500994.568547431,1.49,1.475,0.456,0.254331350378469,144198.048125367
2.12,0.666,68635646.7221124,417993.759568193,1.55,1.575,0.472,0.232918485004187,119410.341557199
1.19,0.416,145702617.80883,500994.568547431,1.522,1.526,0.583,0.165153729081683,179739.691838864
2.87,0.44,145702617.80883,492204.23748792,1.704,1.341,0.508,0.170866436257505,185956.930971502
2.69,0.501,68635646.7221124,492204.23748792,1.618,1.695,0.52,0.193616131262289,99261.2001773832
4.16,0.633,84971598.4946137,500994.568547431,1.551,1.475,0.506,0.211871369378304,134472.759058485
1.62,0.685,68635646.7221124,498978.767180072,1.466,1.369,0.421,0.22024443663649,112912.735991578
3.9,0.959,120703373.658017,417993.759568193,1.466,1.306,0.576,0.280265313873117,252683.576096126
2.67,0.367,120703373.658017,492204.23748792,1.586,1.51,0.529,0.157095742518251,141635.48624843
0.48,0.423,84971598.4946137,500994.568547431,1.498,1.661,0.441,0.17213388084492,109251.750024471
3.78,0.473,84971598.4946137,492204.23748792,1.636,1.388,0.42,0.179525063356109,113942.863825741
4.74,0.452,136752178.826227,500994.568547431,1.656,1.623,0.543,0.177963450324719,181783.024734231
0.43,0.489,68635646.7221124,498978.767180072,1.558,1.39,0.447,0.183199516625356,93920.9133742831
4.17,1.192,145702617.80883,500994.568547431,1.437,1.556,0.483,0.298104178194713,324431.990864068
4.16,0.734,75905147.9040892,500994.568547431,1.737,1.415,0.421,0.236050301901952,133833.256273807
3.12,0.595,154222876.816518,500994.568547431,1.395,1.559,0.406,0.198957679233314,229191.105916933
4.61,0.553,145702617.80883,503823.180031419,1.651,1.339,0.592,0.192938017186914,209977.818520983
2.42,0.702,120443412.640707,498978.767180072,1.503,1.305,0.533,0.229407378612723,206385.265513248
2.94,1.135,68635646.7221124,417993.759568193,1.447,1.641,0.548,0.323609370524168,165904.846344447
4.96,0.329,128208122.829654,500994.568547431,1.662,1.376,0.419,0.141992289162588,135977.970851152
2.42,1.276,154222876.816518,500994.568547431,1.489,1.593,0.479,0.309883967448919,356973.651277152
3.74,1.24,110326321.232038,417993.759568193,1.443,1.398,0.496,0.325488310833343,268227.182288596
3.7,0.945,154222876.816518,492204.23748792,1.67,1.498,0.499,0.27295823307218,314436.716129878
4.34,0.944,68635646.7221124,498978.767180072,1.633,1.679,0.559,0.281275904034102,144201.744107679
2.28,0.833,154222876.816518,498978.767180072,1.427,1.436,0.427,0.240889134980516,277494.427268697
0.15,1.076,145702617.80883,492204.23748792,1.774,1.598,0.433,0.301642673386049,328282.997067805
4.84,0.466,145702617.80883,498978.767180072,1.723,1.617,0.571,0.182509805627456,198628.613495159
3.73,0.367,120443412.640707,500994.568547431,1.378,1.498,0.563,0.157526179218278,141717.683711193
0.56,1.16,105671890.448763,503823.180031419,1.309,1.552,0.449,0.295039975846265,232878.070717376
0.67,1.041,145702617.80883,498978.767180072,1.443,1.631,0.465,0.282231863091362,307157.872736013
3.56,0.291,120443412.640707,503823.180031419,1.443,1.411,0.402,0.137415797310473,123625.47353594
4.71,0.703,136752178.826227,498978.767180072,1.647,1.578,0.523,0.227756461803486,232644.728194805
0.73,0.638,136752178.826227,503823.180031419,1.78,1.359,0.525,0.215715012212426,220344.836701054
1.68,0.958,75905147.9040892,498978.767180072,1.795,1.401,0.55,0.285459834107111,161846.940360213
3.73,0.507,128208122.829654,503823.180031419,1.438,1.397,0.481,0.179668096374646,172057.956920034
1.4,0.794,145702617.80883,503823.180031419,1.483,1.688,0.455,0.242686569131186,264120.037686198
4.98,1.042,110326321.232038,503823.180031419,1.696,1.692,0.45,0.289199094823708,238322.101725778
4.03,0.39,75905147.9040892,503823.180031419,1.341,1.5,0.446,0.156793397605547,88897.0308222706
1.82,0.809,105671890.448763,492204.23748792,1.341,1.492,0.506,0.244604285905547,193068.664771606
0.35,0.403,136752178.826227,503823.180031419,1.484,1.502,0.439,0.161379922871294,164843.57016788
1.29,0.428,120703373.658017,498978.767180072,1.427,1.597,0.55,0.169551082148954,152865.059098115
3.2,1.245,154222876.816518,498978.767180072,1.728,1.501,0.484,0.319296550873084,367816.562256175
4.29,0.381,154222876.816518,500994.568547431,1.722,1.31,0.49,0.155666007195789,179320.871053376
1.96,0.526,120443412.640707,500994.568547431,1.672,1.411,0.416,0.199560454097964,179533.620731886
4.97,0.41,110326321.232038,492204.23748792,1.616,1.582,0.537,0.168275029602299,138671.453128973
2.24,0.32,75905147.9040892,492204.23748792,1.394,1.523,0.431,0.142736334354287,80927.1085921162
0.96,1.124,120703373.658017,498978.767180072,1.339,1.495,0.427,0.285622454912854,257513.505054745
1.07,0.744,75905147.9040892,492204.23748792,1.478,1.593,0.509,0.238932297355876,135467.258997198
4.78,0.641,75905147.9040892,417993.759568193,1.729,1.305,0.575,0.22390810548498,126949.004604964
1.95,1.065,110326321.232038,492204.23748792,1.587,1.669,0.504,0.298013080538337,245585.497904012
3.28,0.964,68635646.7221124,417993.759568193,1.369,1.365,0.481,0.281125414053461,144124.592395186
0.35,0.89,110326321.232038,498978.767180072,1.699,1.59,0.455,0.268483653628605,221250.998903678
1.49,1.189,136752178.826227,500994.568547431,1.759,1.368,0.438,0.310010822999041,316664.489266122
3.14,0.388,110326321.232038,500994.568547431,1.551,1.446,0.435,0.158270531851776,130426.984272427
3.08,0.88,145702617.80883,503823.180031419,1.792,1.36,0.434,0.260419276318193,283418.853056483
1,0.751,110326321.232038,498978.767180072,1.323,1.479,0.485,0.228409218230066,188226.608991684
3.36,0.612,120443412.640707,500994.568547431,1.626,1.673,0.512,0.221087211075759,198900.066054473
4.85,0.618,120443412.640707,492204.23748792,1.788,1.462,0.426,0.22043134288765,198310.017334318
2.48,1.093,84971598.4946137,498978.767180072,1.8,1.325,0.437,0.300911735369431,190985.839223767
4.65,0.63,105671890.448763,498978.767180072,1.762,1.572,0.417,0.219182795183651,173003.222124066
4.16,0.82,75905147.9040892,492204.23748792,1.709,1.368,0.441,0.252311958639165,143053.115159868
0.45,0.871,120703373.658017,500994.568547431,1.339,1.598,0.411,0.251713616599866,226941.735727377
4.09,0.33,154222876.816518,498978.767180072,1.484,1.392,0.566,0.141240626699777,162703.422951378
0.36,0.576,136752178.826227,500994.568547431,1.746,1.691,0.405,0.209049074591312,213535.830125576
3.33,0.379,75905147.9040892,498978.767180072,1.702,1.561,0.539,0.162514421535369,92140.675314903
3.6,0.637,105671890.448763,492204.23748792,1.49,1.565,0.442,0.214870369070092,169599.380083488
2.21,1.128,110326321.232038,417993.759568193,1.33,1.48,0.561,0.309741311062702,255250.453977941
3.73,0.303,154222876.816518,417993.759568193,1.6,1.317,0.562,0.13235485615268,152467.378851642
4.35,0.566,145702617.80883,498978.767180072,1.674,1.68,0.583,0.203519261619179,221493.571898773
0.93,1.15,84971598.4946137,500994.568547431,1.502,1.438,0.545,0.310168186701905,196860.821546395
1.08,0.816,136752178.826227,492204.23748792,1.405,1.425,0.418,0.239550350041853,244691.745003234
1.41,1.14,136752178.826227,498978.767180072,1.548,1.585,0.572,0.30834638241074,314964.32530504
0.14,0.549,105671890.448763,500994.568547431,1.321,1.355,0.408,0.187672324518889,148131.685327202
4.27,0.471,154222876.816518,492204.23748792,1.451,1.419,0.476,0.173235315677339,199559.995557639
0.34,0.502,75905147.9040892,503823.180031419,1.684,1.44,0.547,0.189115331421486,107222.572525879
0.69,1.253,110326321.232038,500994.568547431,1.619,1.686,0.478,0.324178465089605,267147.769537409
1.91,1.118,68635646.7221124,492204.23748792,1.708,1.614,0.543,0.319228628689503,163658.971017112
4.03,1.019,120443412.640707,492204.23748792,1.496,1.659,0.448,0.293725138288659,264248.434467131
4.61,1.023,136752178.826227,503823.180031419,1.444,1.314,0.52,0.272831740321707,278687.443453636
1.24,0.635,145702617.80883,417993.759568193,1.463,1.321,0.483,0.214258201823267,233180.94834308
0.37,0.815,145702617.80883,500994.568547431,1.452,1.602,0.57,0.247629652883761,269499.682186881
3.67,0.948,128208122.829654,500994.568547431,1.579,1.304,0.564,0.267350636451207,256026.557954653
0.26,1.196,128208122.829654,500994.568547431,1.636,1.462,0.494,0.316119758635009,302729.983287502
2.3,0.356,145702617.80883,500994.568547431,1.394,1.36,0.523,0.145120110268085,157936.754103243
3.99,0.804,84971598.4946137,500994.568547431,1.789,1.392,0.477,0.250851724285517,159213.222523808
4.29,0.725,110326321.232038,492204.23748792,1.432,1.5,0.5,0.226170736274807,186381.929206024
4.5,0.838,84971598.4946137,503823.180031419,1.619,1.48,0.577,0.253526368272323,160910.793825963
4.86,0.598,68635646.7221124,500994.568547431,1.357,1.536,0.479,0.202369690446279,103748.888185412
1.56,0.628,110326321.232038,417993.759568193,1.768,1.552,0.415,0.227394664869977,187390.539676749
2.7,1.06,105671890.448763,498978.767180072,1.477,1.363,0.569,0.292640501398053,230984.140992659
3.24,1.268,75905147.9040892,417993.759568193,1.384,1.379,0.482,0.330532505803308,187401.758013307
4.73,0.471,105671890.448763,500994.568547431,1.534,1.531,0.483,0.179745264218096,141874.775550776
2.86,0.608,128208122.829654,500994.568547431,1.733,1.692,0.435,0.214576007435958,205487.285658685
4.07,0.972,105671890.448763,503823.180031419,1.67,1.522,0.418,0.278285672185386,219653.727468408
1.56,0.422,128208122.829654,500994.568547431,1.422,1.577,0.536,0.165578643710255,158565.286332031
4.06,0.317,84971598.4946137,498978.767180072,1.495,1.381,0.526,0.138612926762266,87976.3167509994
4.27,0.531,145702617.80883,417993.759568193,1.795,1.627,0.564,0.206387613621266,224615.249549088
2.37,1.008,120443412.640707,503823.180031419,1.495,1.367,0.473,0.287763973055522,258885.500298016
3.14,0.85,84971598.4946137,417993.759568193,1.414,1.495,0.581,0.262009966031898,166295.253278036
0.06,1.219,120443412.640707,417993.759568193,1.755,1.609,0.446,0.362602958482691,326214.040345558
0.21,1.025,75905147.9040892,500994.568547431,1.638,1.437,0.411,0.286773913801148,162591.983103388
1.09,0.431,110326321.232038,503823.180031419,1.506,1.57,0.58,0.169943838987925,140046.679287287
1.65,1.192,120443412.640707,492204.23748792,1.721,1.458,0.468,0.333006121109558,299587.385280908
0.4,1.123,105671890.448763,498978.767180072,1.409,1.623,0.554,0.309234614460765,244082.044164004
2.27,0.921,128208122.829654,492204.23748792,1.763,1.678,0.439,0.275662386266975,263986.249856489
0.77,0.876,84971598.4946137,498978.767180072,1.384,1.485,0.402,0.25098826534359,159299.883845051
0.86,1.235,128208122.829654,503823.180031419,1.527,1.632,0.473,0.313207399934156,299940.982357464
4.11,1.278,120703373.658017,492204.23748792,1.322,1.63,0.503,0.31420108683368,283279.629352804
4.85,1.202,120703373.658017,417993.759568193,1.392,1.612,0.443,0.316746308420995,285574.368162083
3.01,0.905,84971598.4946137,498978.767180072,1.747,1.648,0.59,0.276546964702276,175521.749172083
4.14,1.01,84971598.4946137,492204.23748792,1.423,1.551,0.581,0.282910101802323,179560.372250896
3.65,1.263,145702617.80883,492204.23748792,1.347,1.459,0.493,0.304029319226417,330880.425477455
0.04,0.83,110326321.232038,500994.568547431,1.476,1.301,0.564,0.247006420940775,203552.121815084
2.24,0.914,120443412.640707,417993.759568193,1.416,1.569,0.529,0.288868222606468,259878.933195174
2.84,0.395,145702617.80883,417993.759568193,1.75,1.495,0.525,0.166030300307171,180693.679634477
0.8,0.448,68635646.7221124,500994.568547431,1.4,1.304,0.546,0.167700514725564,85975.0386163542
1.28,0.349,84971598.4946137,503823.180031419,1.332,1.44,0.454,0.145706687813729,92478.6599580635
4.97,1.246,68635646.7221124,503823.180031419,1.463,1.579,0.566,0.324003507333085,166106.908499249
3.67,0.404,105671890.448763,417993.759568193,1.425,1.687,0.545,0.172399833583801,136076.952019248
2.75,1.088,120443412.640707,417993.759568193,1.605,1.663,0.571,0.332074573375405,298749.322758185
2.5,1.033,120443412.640707,500994.568547431,1.336,1.57,0.443,0.286585593540082,257825.376728145
1.48,0.476,120703373.658017,503823.180031419,1.679,1.502,0.433,0.183091861066153,165073.249946426
1.34,0.771,68635646.7221124,503823.180031419,1.332,1.376,0.584,0.235105663885403,120531.642759411
3.49,0.868,105671890.448763,498978.767180072,1.606,1.674,0.51,0.265171223990322,209302.359368443
0.14,1.129,145702617.80883,503823.180031419,1.413,1.625,0.481,0.295547364587036,321649.365897083
0.57,0.463,120443412.640707,503823.180031419,1.738,1.32,0.566,0.186262800372953,167570.449314576
3.8,0.788,154222876.816518,500994.568547431,1.758,1.635,0.527,0.248398998923036,286145.483256606
4.71,0.495,120443412.640707,417993.759568193,1.348,1.429,0.544,0.189675905233938,170641.032995095
4.46,1.152,136752178.826227,503823.180031419,1.744,1.463,0.568,0.309528166962231,316171.474132298
0.53,1.109,110326321.232038,498978.767180072,1.532,1.301,0.436,0.290996355793443,239803.181782124
1.62,1.138,128208122.829654,503823.180031419,1.564,1.524,0.547,0.306067260949152,293103.27577141
4.06,0.304,110326321.232038,500994.568547431,1.334,1.472,0.522,0.13516118049939,111383.116976862
0.98,0.318,68635646.7221124,503823.180031419,1.509,1.443,0.439,0.141213041202763,72395.7030806278
2.11,1.121,120443412.640707,500994.568547431,1.718,1.629,0.474,0.321092019900651,288868.920355231
4.53,1.11,136752178.826227,417993.759568193,1.553,1.496,0.597,0.311076974375061,317753.523118881
2.48,0.466,128208122.829654,503823.180031419,1.639,1.478,0.513,0.177636269498153,170112.191432234
1.86,1.169,75905147.9040892,500994.568547431,1.68,1.638,0.552,0.323635643420966,183491.449306799
1,0.496,136752178.826227,498978.767180072,1.753,1.67,0.541,0.191842947853074,195960.413618814
3.22,0.953,128208122.829654,498978.767180072,1.71,1.467,0.546,0.276776464966853,265053.139909966
1.71,0.469,154222876.816518,498978.767180072,1.545,1.364,0.55,0.173295759828964,199629.624747176
2.69,1.169,120443412.640707,503823.180031419,1.344,1.522,0.447,0.300153277203502,270031.479305176
3.4,0.374,120703373.658017,503823.180031419,1.43,1.4,0.449,0.152473613493516,137468.234600313
2.59,1.129,68635646.7221124,498978.767180072,1.448,1.552,0.513,0.305040604304546,156385.195224696
1.3,0.678,145702617.80883,492204.23748792,1.637,1.621,0.576,0.226729712671956,246753.911721944
4.99,1.056,105671890.448763,492204.23748792,1.745,1.67,0.595,0.304841387806644,240614.425430301
2.24,1.101,84971598.4946137,417993.759568193,1.599,1.558,0.499,0.318656576703138,202248.32258903
4.43,0.303,120703373.658017,417993.759568193,1.685,1.467,0.581,0.136252740488595,122843.705643655
0.39,0.404,75905147.9040892,498978.767180072,1.647,1.639,0.503,0.171150605992389,97037.1261067529
2.81,0.829,105671890.448763,500994.568547431,1.553,1.48,0.556,0.252942060459676,199649.755509133
1.22,0.603,68635646.7221124,492204.23748792,1.583,1.408,0.427,0.209032190070739,107164.552492893
1.44,0.888,120443412.640707,500994.568547431,1.77,1.603,0.545,0.285553534923445,256896.890064343
4.55,0.798,120443412.640707,500994.568547431,1.46,1.431,0.484,0.246125531536783,221425.67289242
4.84,1.114,128208122.829654,498978.767180072,1.576,1.551,0.597,0.300339896051637,287618.502889155
1.01,1.263,145702617.80883,498978.767180072,1.49,1.445,0.439,0.298707558661798,325088.660379303
3.07,1.171,75905147.9040892,492204.23748792,1.336,1.396,0.587,0.308038336267063,174648.256187832
1.1,0.893,105671890.448763,417993.759568193,1.377,1.611,0.46,0.273986473225619,216260.325755609
3,0.353,136752178.826227,492204.23748792,1.505,1.6,0.45,0.152764460267531,156043.196558922
4.8,0.46,110326321.232038,417993.759568193,1.746,1.67,0.541,0.189682895349898,156313.166570508
2.14,0.498,105671890.448763,503823.180031419,1.735,1.423,0.513,0.187667554461143,148127.920271833
3.68,0.667,128208122.829654,492204.23748792,1.697,1.364,0.475,0.219457774122178,210162.277040793
1.45,0.916,128208122.829654,503823.180031419,1.736,1.597,0.424,0.270276883830889,258828.859285552
1.08,0.794,154222876.816518,417993.759568193,1.478,1.637,0.468,0.25403802357589,292641.408930151
4.44,0.73,145702617.80883,492204.23748792,1.685,1.417,0.453,0.231847745185204,252323.956018657
2,0.365,120443412.640707,498978.767180072,1.662,1.528,0.589,0.163838018609487,147396.100231661
2.35,0.549,128208122.829654,500994.568547431,1.769,1.61,0.453,0.201544287213564,193007.545505246
1.72,0.499,120703373.658017,417993.759568193,1.751,1.388,0.433,0.194682259673333,175523.003174782
1.82,0.857,75905147.9040892,417993.759568193,1.489,1.692,0.591,0.273297742563884,154951.408767094
2.85,0.766,84971598.4946137,503823.180031419,1.542,1.613,0.56,0.241820440145192,153481.151693501
2.21,0.299,105671890.448763,500994.568547431,1.718,1.622,0.469,0.139205933858258,109876.667445952
4.23,0.293,68635646.7221124,492204.23748792,1.693,1.496,0.524,0.134723968718096,69068.9496811728
2.93,0.897,136752178.826227,503823.180031419,1.616,1.645,0.468,0.263653498169314,269312.211532919
4.15,1.206,128208122.829654,417993.759568193,1.556,1.639,0.513,0.329092155207442,315152.912542317
2.45,0.453,105671890.448763,498978.767180072,1.739,1.32,0.496,0.175674931374953,138662.020204759
0.19,1.166,154222876.816518,500994.568547431,1.537,1.516,0.589,0.313216457259617,360812.543186798
2.62,1.128,128208122.829654,417993.759568193,1.685,1.335,0.465,0.317294175230415,303854.655525123
3.41,0.566,68635646.7221124,500994.568547431,1.668,1.381,0.487,0.200598536975785,102840.870769541
4.87,0.456,68635646.7221124,492204.23748792,1.336,1.316,0.576,0.168572429509557,86422.0432504581
4.61,1.111,145702617.80883,417993.759568193,1.577,1.433,0.444,0.306118628340187,333154.257127235
1.52,0.668,68635646.7221124,503823.180031419,1.585,1.683,0.414,0.226344712885516,116040.165188434
0.81,0.769,105671890.448763,498978.767180072,1.331,1.496,0.537,0.237016617796278,187079.640723384
0.37,0.996,154222876.816518,492204.23748792,1.414,1.511,0.517,0.277328131159901,319470.659928019
1.9,0.347,105671890.448763,417993.759568193,1.634,1.511,0.577,0.151705584662398,119742.769676878
2.07,1.188,136752178.826227,492204.23748792,1.334,1.391,0.461,0.292827668947013,299112.538501217
4.56,1.222,84971598.4946137,498978.767180072,1.406,1.558,0.504,0.30908383825711,196172.595819718
1.91,0.585,75905147.9040892,492204.23748792,1.621,1.579,0.558,0.20866496027008,118306.610405392
2.49,0.341,145702617.80883,417993.759568193,1.381,1.684,0.519,0.152627367360583,166107.033296233
3.41,0.805,128208122.829654,500994.568547431,1.395,1.54,0.468,0.238713909440552,228602.786891504
0.83,1.169,120703373.658017,492204.23748792,1.788,1.402,0.552,0.327263745170505,295056.752879995
1.22,0.992,110326321.232038,500994.568547431,1.515,1.617,0.508,0.281326672629826,231834.625670356
4.31,0.941,120703373.658017,500994.568547431,1.465,1.674,0.542,0.272238078911302,245446.32504895
1.01,0.809,68635646.7221124,498978.767180072,1.376,1.477,0.463,0.244768980085361,125485.73598216
0.04,0.919,136752178.826227,498978.767180072,1.552,1.301,0.6,0.265916079449467,271623.353894245
1.34,0.834,136752178.826227,503823.180031419,1.691,1.684,0.499,0.258581469528641,264131.32351261
2.94,1.219,128208122.829654,498978.767180072,1.765,1.65,0.412,0.306012484825207,293050.819780813
4,1.077,120703373.658017,498978.767180072,1.682,1.546,0.511,0.3008349333886,271228.878567847
0.34,0.774,84971598.4946137,498978.767180072,1.58,1.504,0.568,0.245882184865172,156059.102743185
3.75,0.44,75905147.9040892,417993.759568193,1.625,1.619,0.542,0.182902314147173,103699.982948967
3.23,0.407,75905147.9040892,500994.568547431,1.515,1.681,0.594,0.168516805667578,95543.8423828843
1.78,1.156,84971598.4946137,503823.180031419,1.44,1.306,0.415,0.286363322789374,181752.099028941
0.55,1.219,110326321.232038,492204.23748792,1.341,1.552,0.464,0.30312135807173,249795.108029863
4.44,1,105671890.448763,417993.759568193,1.461,1.441,0.435,0.288835894210498,227981.125624541
0.43,0.918,75905147.9040892,492204.23748792,1.579,1.467,0.531,0.274635787032613,155710.038799957
3.58,1.063,84971598.4946137,417993.759568193,1.37,1.64,0.45,0.298489120862828,189448.228654704
2.83,0.494,110326321.232038,417993.759568193,1.651,1.506,0.504,0.192595281927944,158713.195141624
0.36,0.859,128208122.829654,503823.180031419,1.481,1.691,0.446,0.255132332154403,244325.780149607
0.95,1.224,145702617.80883,503823.180031419,1.322,1.583,0.509,0.304792772352934,331711.304867564
1.74,0.422,120703373.658017,492204.23748792,1.75,1.325,0.47,0.169058734917908,152421.165213058
0.26,0.91,136752178.826227,492204.23748792,1.67,1.495,0.494,0.271160387946062,276980.21935966
1.54,0.615,110326321.232038,500994.568547431,1.411,1.544,0.444,0.205306883709265,169188.524100286
3.37,0.92,128208122.829654,417993.759568193,1.375,1.399,0.545,0.268692858838196,257311.928291945
1.14,0.9,84971598.4946137,500994.568547431,1.662,1.627,0.576,0.274881874234558,174464.931962977
2.35,0.842,68635646.7221124,503823.180031419,1.682,1.655,0.528,0.264532769645963,135618.039830237
2.56,1.171,110326321.232038,492204.23748792,1.503,1.318,0.544,0.307353098658305,253282.384887232
0.36,0.953,120443412.640707,492204.23748792,1.64,1.37,0.483,0.291102202275756,261888.722461698
1.52,0.634,145702617.80883,503823.180031419,1.536,1.388,0.543,0.207999326640824,226369.305016554
1.05,0.282,110326321.232038,417993.759568193,1.382,1.3,0.585,0.12544528412752,103376.477658349
0.96,0.489,128208122.829654,498978.767180072,1.429,1.531,0.427,0.17947925676046,171877.115920113
1.76,0.801,128208122.829654,498978.767180072,1.609,1.589,0.49,0.248361664239058,237841.895074824
2.55,0.726,120703373.658017,503823.180031419,1.534,1.373,0.484,0.228289760609367,205823.090626972
3.25,0.32,145702617.80883,492204.23748792,1.434,1.525,0.546,0.141447771960875,153940.084095632
4.48,0.625,128208122.829654,498978.767180072,1.694,1.381,0.561,0.210290356173694,201383.160245571
1.6,0.99,84971598.4946137,498978.767180072,1.546,1.342,0.45,0.276645761997568,175584.454883216
4.75,0.847,110326321.232038,498978.767180072,1.402,1.426,0.532,0.245281886098814,202130.973632425
1.99,1.124,128208122.829654,492204.23748792,1.745,1.512,0.568,0.31334264325811,300070.497226693
4.15,0.314,128208122.829654,503823.180031419,1.317,1.371,0.416,0.134447652966878,128752.900202928
3.74,0.543,75905147.9040892,492204.23748792,1.751,1.309,0.417,0.19600635987976,111129.573576991
1.61,0.309,154222876.816518,492204.23748792,1.309,1.676,0.523,0.140155155190185,161453.004185521
0.13,1.109,154222876.816518,498978.767180072,1.687,1.316,0.594,0.3054060185125,351815.237322323
1.61,0.383,68635646.7221124,417993.759568193,1.642,1.506,0.459,0.163589475781588,83867.431895289
4,1.188,84971598.4946137,417993.759568193,1.66,1.372,0.434,0.326161634024524,207011.71165788
1.38,0.673,75905147.9040892,503823.180031419,1.61,1.341,0.585,0.220783571534407,125177.490018564
1.82,1.152,120703373.658017,503823.180031419,1.389,1.665,0.54,0.307997717829001,277686.752224041
2.17,0.594,120703373.658017,417993.759568193,1.739,1.369,0.471,0.215609449505189,194390.686411352
0.9,1.247,154222876.816518,492204.23748792,1.628,1.606,0.412,0.304195729321147,350421.033694123
2.09,1.159,84971598.4946137,492204.23748792,1.492,1.633,0.529,0.313367854006387,198891.620194487
1.35,1.073,154222876.816518,498978.767180072,1.373,1.632,0.456,0.281163304668739,323888.622890097
4.33,1.121,75905147.9040892,417993.759568193,1.321,1.552,0.453,0.304253832277866,172502.558901387
2.91,1.267,120443412.640707,498978.767180072,1.369,1.659,0.432,0.305299934496046,274661.645249493
3.78,0.908,136752178.826227,417993.759568193,1.535,1.346,0.561,0.270326747704648,276128.686955968
3.91,0.75,68635646.7221124,417993.759568193,1.747,1.61,0.411,0.255427019526562,130949.794062313
2.36,0.514,110326321.232038,498978.767180072,1.743,1.573,0.413,0.193204963976245,159215.619629585
3.79,0.997,68635646.7221124,503823.180031419,1.384,1.327,0.559,0.276108531319313,141552.586653237
1.78,1.28,84971598.4946137,500994.568547431,1.45,1.619,0.581,0.332679351525598,211148.445458699
3.11,0.387,105671890.448763,503823.180031419,1.369,1.387,0.433,0.154265486063042,121763.326036058
2.5,1.172,105671890.448763,492204.23748792,1.396,1.441,0.556,0.311936211016807,246214.441958653
3.48,0.502,154222876.816518,503823.180031419,1.366,1.401,0.556,0.176063631860265,202818.100076878
1.03,0.322,105671890.448763,492204.23748792,1.663,1.321,0.561,0.138907351445664,109640.993293677
0.4,1.216,68635646.7221124,492204.23748792,1.546,1.564,0.59,0.335043960542343,171767.018681745
3.3,1.139,136752178.826227,492204.23748792,1.576,1.67,0.421,0.295073414322305,301406.483613872
1.19,0.424,120443412.640707,492204.23748792,1.57,1.682,0.553,0.183755782087929,165315.022145972
4.28,1.23,68635646.7221124,500994.568547431,1.724,1.43,0.41,0.306800224098663,157287.299669616
0.59,0.951,154222876.816518,498978.767180072,1.582,1.462,0.406,0.266247556773674,306706.291608281
3.18,0.686,128208122.829654,492204.23748792,1.621,1.484,0.455,0.223880862285559,214398.017987709
3.97,0.65,105671890.448763,503823.180031419,1.475,1.356,0.564,0.211143295447854,166657.562751518
0.01,1.041,75905147.9040892,417993.759568193,1.761,1.466,0.528,0.31808020401823,180341.686144841
3.83,0.795,120703373.658017,503823.180031419,1.346,1.424,0.466,0.235737573736309,212537.942454349
1.19,0.45,84971598.4946137,498978.767180072,1.696,1.58,0.485,0.180055578295744,114279.57665232
0.63,0.53,136752178.826227,417993.759568193,1.49,1.315,0.417,0.192608771117296,196742.673510539
2.28,0.438,154222876.816518,417993.759568193,1.373,1.667,0.437,0.175747534143863,202453.96844105
4.78,0.389,128208122.829654,492204.23748792,1.555,1.617,0.414,0.162698752239625,155807.377428968
0.03,0.541,105671890.448763,417993.759568193,1.658,1.372,0.505,0.204740078342685,161603.43799585
3.7,0.511,75905147.9040892,498978.767180072,1.338,1.464,0.454,0.182027544910385,103204.015714423
2.21,1.033,120703373.658017,492204.23748792,1.53,1.451,0.453,0.287099127198449,258844.853656859
1.81,0.704,145702617.80883,498978.767180072,1.551,1.493,0.533,0.225026511608705,244900.288216434
0.22,0.97,68635646.7221124,500994.568547431,1.47,1.472,0.529,0.28134543251717,144237.389281616
2.25,0.92,110326321.232038,492204.23748792,1.475,1.458,0.417,0.260619765489132,214770.555559697
2.21,0.282,145702617.80883,498978.767180072,1.795,1.358,0.513,0.12670290154191,137892.983736197
0.52,1.01,75905147.9040892,498978.767180072,1.658,1.364,0.409,0.283712414304533,160856.207112376
1.8,0.615,105671890.448763,500994.568547431,1.417,1.453,0.52,0.205958571389254,162565.207020721
3.23,0.46,110326321.232038,498978.767180072,1.603,1.402,0.512,0.174503966996947,143804.572415933
4.68,0.559,84971598.4946137,500994.568547431,1.341,1.507,0.44,0.19200103321325,121861.244178608
3.88,1.129,120443412.640707,492204.23748792,1.417,1.565,0.57,0.313268169154064,281830.229954622
4.14,0.91,110326321.232038,417993.759568193,1.553,1.424,0.463,0.273317035728789,225234.074235438
0.03,0.628,110326321.232038,492204.23748792,1.373,1.649,0.598,0.21359288718847,176016.822664896
3.05,0.891,110326321.232038,503823.180031419,1.551,1.425,0.477,0.258146459655337,212732.36299592
0.58,0.553,154222876.816518,417993.759568193,1.344,1.382,0.593,0.194816949272789,224421.15442467
4.82,0.716,128208122.829654,503823.180031419,1.654,1.453,0.56,0.227908908792163,218255.449920755
0.85,1.047,105671890.448763,500994.568547431,1.456,1.383,0.454,0.286231052036761,225925.097053487
0.65,0.371,128208122.829654,417993.759568193,1.313,1.448,0.572,0.155024316570193,148458.005178464
1.11,0.832,120703373.658017,417993.759568193,1.543,1.653,0.507,0.268831222841261,242374.747752687
2.42,1.176,110326321.232038,500994.568547431,1.39,1.395,0.488,0.297814481150353,245421.836867747
3.19,1.193,84971598.4946137,492204.23748792,1.523,1.374,0.507,0.312590243515557,198398.078153004
0.75,0.79,120443412.640707,498978.767180072,1.569,1.409,0.479,0.256076406359084,230377.930464556
3.14,1.147,145702617.80883,498978.767180072,1.397,1.56,0.48,0.29194474524568,317728.57225937
4.02,1.026,128208122.829654,500994.568547431,1.488,1.385,0.542,0.278777171765913,266969.103462695
2.17,1.199,136752178.826227,498978.767180072,1.308,1.402,0.504,0.296724624748871,303093.133458355
4.42,1.131,136752178.826227,500994.568547431,1.521,1.402,0.503,0.293891360905637,300199.060150867
0.51,0.476,136752178.826227,492204.23748792,1.734,1.351,0.521,0.180485235497643,184358.93420119
1.46,0.378,84971598.4946137,492204.23748792,1.344,1.681,0.443,0.158905351895213,100855.72751623
4.83,0.746,154222876.816518,503823.180031419,1.576,1.424,0.41,0.228796825600915,263564.58163278
3.87,0.914,145702617.80883,498978.767180072,1.622,1.535,0.415,0.261722178647143,284836.824448373
0.73,0.715,120443412.640707,500994.568547431,1.506,1.302,0.597,0.235549552221864,211911.043013592
3.53,1.273,145702617.80883,417993.759568193,1.621,1.579,0.599,0.346161566604098,376733.687176424
3.17,0.855,120443412.640707,417993.759568193,1.547,1.36,0.495,0.273123557385877,245714.319434191
4.21,1.043,120703373.658017,503823.180031419,1.596,1.498,0.551,0.291562508404956,262868.980328671
2.13,1.257,110326321.232038,503823.180031419,1.399,1.317,0.507,0.309622726352728,255152.731136413
0.39,0.958,154222876.816518,503823.180031419,1.688,1.372,0.469,0.27413695525541,315794.555856318
3.74,0.911,84971598.4946137,503823.180031419,1.596,1.557,0.432,0.265323533743714,168398.34343997
3.44,0.757,136752178.826227,503823.180031419,1.319,1.608,0.584,0.228648982397019,233556.404681376
0.29,1.071,105671890.448763,503823.180031419,1.778,1.682,0.468,0.309494925468157,244287.510304699
2.65,1.003,128208122.829654,492204.23748792,1.368,1.572,0.546,0.277421244851522,265670.609075932
4.82,0.602,84971598.4946137,492204.23748792,1.726,1.318,0.417,0.207590068962448,131755.458080218
0.08,0.483,68635646.7221124,503823.180031419,1.602,1.408,0.472,0.183820734857655,94239.3933837123
1.22,0.378,120443412.640707,417993.759568193,1.698,1.41,0.426,0.166138270445452,149465.510940173
2.82,0.345,75905147.9040892,417993.759568193,1.588,1.513,0.419,0.151380293090642,85827.9671610809
1.95,0.357,84971598.4946137,417993.759568193,1.315,1.686,0.518,0.15792443802456,100233.150737817
0.78,0.767,154222876.816518,500994.568547431,1.334,1.434,0.435,0.227296069385796,261835.77187796
3.55,1.173,154222876.816518,503823.180031419,1.504,1.47,0.453,0.293498417433827,338098.168091543
1.96,0.496,120703373.658017,498978.767180072,1.523,1.311,0.404,0.179493822156131,161829.304678447
3.62,0.405,120443412.640707,417993.759568193,1.57,1.63,0.417,0.177873598671422,160023.143595445
1.76,1.071,120443412.640707,417993.759568193,1.481,1.499,0.506,0.321169134630697,288938.296258185
2.83,1.236,136752178.826227,417993.759568193,1.348,1.539,0.526,0.323921392464675,330873.616975348
0.12,0.845,110326321.232038,417993.759568193,1.452,1.629,0.521,0.26692095557831,219963.216575258
2.17,0.864,68635646.7221124,492204.23748792,1.376,1.341,0.454,0.252329282724876,129361.677045593
2.97,0.726,84971598.4946137,500994.568547431,1.705,1.345,0.406,0.231985670355587,147239.116102784
1.33,0.391,128208122.829654,498978.767180072,1.541,1.373,0.453,0.156944044108742,150296.41948123
4.49,1.027,84971598.4946137,503823.180031419,1.675,1.666,0.486,0.291197845726133,184820.525121362
2.62,1.102,68635646.7221124,500994.568547431,1.565,1.657,0.443,0.300948040608433,154287.060210686
1.16,0.376,154222876.816518,500994.568547431,1.671,1.412,0.453,0.15616290299709,179893.274685468
4.89,0.983,128208122.829654,417993.759568193,1.473,1.341,0.416,0.278616916418941,266815.635996062
3.98,1.106,105671890.448763,500994.568547431,1.602,1.56,0.519,0.304579171059334,240407.455069596
4.76,0.995,68635646.7221124,498978.767180072,1.72,1.651,0.532,0.291629127812627,149509.532313452
4.89,0.515,120443412.640707,503823.180031419,1.375,1.499,0.492,0.188440874867466,169529.94375445
3.22,0.738,120443412.640707,503823.180031419,1.509,1.612,0.593,0.242561113512405,218218.961038555
2.54,0.318,110326321.232038,498978.767180072,1.557,1.663,0.571,0.145360070679966,119787.780015615
2.46,0.77,75905147.9040892,498978.767180072,1.464,1.67,0.591,0.24343030297367,138017.489747664
0.52,0.788,110326321.232038,503823.180031419,1.744,1.539,0.552,0.251261987411699,207059.033017565
3.99,0.955,145702617.80883,500994.568547431,1.664,1.483,0.439,0.269985939925313,293830.420377614
1.93,0.991,75905147.9040892,503823.180031419,1.703,1.658,0.461,0.288915230702356,163806.043883204
3.06,1.093,68635646.7221124,503823.180031419,1.72,1.529,0.452,0.304128228167332,155917.44726484
3.94,0.323,136752178.826227,503823.180031419,1.38,1.427,0.417,0.138800470045729,141779.501540385
3.51,0.783,120703373.658017,492204.23748792,1.446,1.602,0.493,0.242438388029931,218579.309811121
2.45,1.002,154222876.816518,503823.180031419,1.622,1.529,0.517,0.281536746511576,324318.812613285
2.88,0.802,145702617.80883,498978.767180072,1.528,1.412,0.449,0.239864051672409,261048.242570997
4.96,1.053,75905147.9040892,492204.23748792,1.549,1.434,0.499,0.290354487550801,164622.058220359
0.8,0.647,75905147.9040892,500994.568547431,1.556,1.36,0.516,0.215138973748205,121977.176797202
0.98,0.589,120703373.658017,503823.180031419,1.772,1.656,0.413,0.213700136945124,192669.274942715
2.62,0.967,75905147.9040892,500994.568547431,1.416,1.305,0.498,0.26949945189713,152797.894858786
4.18,0.84,136752178.826227,417993.759568193,1.734,1.591,0.545,0.268661151601253,274427.342679329
1.05,0.737,120703373.658017,492204.23748792,1.603,1.472,0.586,0.237990796961399,214569.419323143
2.34,0.737,75905147.9040892,417993.759568193,1.691,1.44,0.505,0.247875070062073,140537.535890485
0.51,0.887,75905147.9040892,417993.759568193,1.442,1.624,0.473,0.276098663749443,156539.444875539
3.21,0.505,84971598.4946137,503823.180031419,1.704,1.397,0.59,0.187284693032508,118867.827566332
0.03,1.045,128208122.829654,498978.767180072,1.324,1.33,0.532,0.280243876344558,268373.68334248
0.89,1.107,128208122.829654,500994.568547431,1.326,1.449,0.507,0.288751432108054,276520.887507198
3.52,1.191,68635646.7221124,498978.767180072,1.787,1.5,0.588,0.329831708582168,169094.85298036
3.43,1.172,154222876.816518,417993.759568193,1.621,1.462,0.527,0.324008900596747,373244.996327156
1.18,0.723,128208122.829654,500994.568547431,1.512,1.624,0.59,0.232048378929429,222219.585952254
4.43,0.681,105671890.448763,492204.23748792,1.583,1.394,0.471,0.222181394377051,175370.047138238
4.99,0.489,120703373.658017,503823.180031419,1.626,1.575,0.562,0.185951101519457,167651.104097106
3.05,0.831,105671890.448763,417993.759568193,1.735,1.334,0.526,0.265988015818291,209947.061512718
3.44,0.482,120703373.658017,492204.23748792,1.366,1.342,0.406,0.174059321943754,156929.62969198
2.2,1.211,136752178.826227,503823.180031419,1.529,1.567,0.55,0.314812664084691,321569.390779605
1.7,0.89,154222876.816518,417993.759568193,1.406,1.584,0.482,0.268132780599395,308877.992319623
4.51,1.144,120443412.640707,498978.767180072,1.631,1.361,0.498,0.314409617053159,282857.128170141
3.15,1.125,120703373.658017,417993.759568193,1.321,1.685,0.552,0.314537090831933,283582.566204631
4.48,1.009,145702617.80883,503823.180031419,1.598,1.512,0.526,0.279710598676255,304413.936577045
2.36,1.085,145702617.80883,492204.23748792,1.352,1.32,0.538,0.28500900293993,310180.282604386
0.7,0.451,154222876.816518,503823.180031419,1.702,1.583,0.571,0.178261952897883,205350.475965629
4.43,0.89,105671890.448763,500994.568547431,1.763,1.6,0.576,0.271711379079719,214464.570675715
3.66,0.92,110326321.232038,500994.568547431,1.721,1.34,0.592,0.268485382816538,221252.423886363
1.92,0.864,154222876.816518,503823.180031419,1.415,1.694,0.534,0.254193176595024,292820.138859947
0.98,0.443,75905147.9040892,492204.23748792,1.689,1.67,0.565,0.181648288854035,102988.989202812
2.03,0.311,120443412.640707,492204.23748792,1.315,1.324,0.527,0.140164133291732,126098.001031097
2.52,1.113,110326321.232038,503823.180031419,1.786,1.358,0.408,0.297507449600803,245168.819463839
3.27,0.848,120443412.640707,492204.23748792,1.653,1.383,0.417,0.263926178824689,237439.941217347
3.32,0.458,136752178.826227,417993.759568193,1.401,1.665,0.494,0.181197959002332,185086.954669691
0.63,0.641,120443412.640707,417993.759568193,1.735,1.507,0.463,0.241863270117398,217591.14952161
3.4,0.999,110326321.232038,417993.759568193,1.525,1.607,0.442,0.291265468651192,240024.951293192
0.24,0.352,68635646.7221124,417993.759568193,1.661,1.483,0.423,0.153615263035822,78753.9513112356
2.81,1.108,145702617.80883,500994.568547431,1.748,1.669,0.463,0.302495195517065,329210.811813296
0.74,0.712,68635646.7221124,492204.23748792,1.439,1.65,0.486,0.234019891204254,119974.99957711
2.34,0.69,120703373.658017,500994.568547431,1.712,1.526,0.576,0.229744928182743,207135.050859148
1.97,0.677,120703373.658017,500994.568547431,1.649,1.656,0.453,0.228444735055213,205962.813579623
1.52,0.523,136752178.826227,503823.180031419,1.566,1.389,0.445,0.185944989115688,189935.868819961
0.04,0.618,84971598.4946137,417993.759568193,1.508,1.337,0.562,0.216911072837516,137671.411292553
2.73,0.967,75905147.9040892,503823.180031419,1.47,1.41,0.509,0.273379623748982,154997.832878993
2.22,0.702,128208122.829654,498978.767180072,1.362,1.699,0.518,0.223724982495761,214248.740744287
2.81,0.892,84971598.4946137,417993.759568193,1.616,1.458,0.545,0.277120869892947,175886.001381592
3.5,0.372,75905147.9040892,503823.180031419,1.356,1.542,0.524,0.154080389942684,87358.8389754855
3.98,1.049,68635646.7221124,492204.23748792,1.771,1.53,0.462,0.300694795238006,154157.228882872
3.41,1.071,145702617.80883,500994.568547431,1.558,1.404,0.518,0.287984923045769,313419.028503342
3.46,0.327,84971598.4946137,500994.568547431,1.619,1.58,0.487,0.14690229307314,93237.4993352275
2.96,0.346,154222876.816518,503823.180031419,1.483,1.574,0.427,0.149225121669206,171901.234462266
4.33,1.264,154222876.816518,417993.759568193,1.518,1.5,0.548,0.3340391454039,384799.427947126
0.14,0.475,120443412.640707,500994.568547431,1.599,1.539,0.423,0.194891364052968,175333.095908016
3.38,0.389,105671890.448763,492204.23748792,1.411,1.365,0.436,0.155860217711066,123022.06403737
4.81,0.321,75905147.9040892,500994.568547431,1.316,1.567,0.524,0.142371649298903,80720.3433896014
1.32,0.624,136752178.826227,417993.759568193,1.368,1.646,0.464,0.216342418650896,220985.708969571
2.87,0.579,120443412.640707,492204.23748792,1.522,1.505,0.588,0.209264926039878,188264.203115546
1.95,0.511,145702617.80883,492204.23748792,1.552,1.696,0.411,0.190630293213926,207466.282159919
1.38,0.994,68635646.7221124,417993.759568193,1.322,1.435,0.569,0.29118994275043,149284.375266416
1.87,1.238,105671890.448763,498978.767180072,1.688,1.525,0.599,0.337621455863899,266488.068434988
2.86,0.989,154222876.816518,500994.568547431,1.573,1.463,0.507,0.275769754523006,317675.473804912
0.69,0.742,84971598.4946137,417993.759568193,1.728,1.616,0.537,0.256025193945888,162496.774903617
4.77,0.595,136752178.826227,492204.23748792,1.774,1.639,0.502,0.2119161806994,216464.472043966
2.18,0.592,136752178.826227,500994.568547431,1.419,1.477,0.578,0.198113054732625,202365.093860132
0.82,0.356,128208122.829654,492204.23748792,1.309,1.644,0.497,0.151083125009474,144683.749306382
2.72,0.461,120703373.658017,500994.568547431,1.655,1.367,0.423,0.176067582803263,158740.251665501
3.7,0.507,136752178.826227,492204.23748792,1.647,1.543,0.599,0.188708072236364,192758.255137781
4.68,0.803,68635646.7221124,417993.759568193,1.45,1.689,0.518,0.258345237063889,132445.876920932
2.7,0.504,110326321.232038,500994.568547431,1.686,1.62,0.542,0.190532843646828,157013.588764451
4.89,0.805,145702617.80883,492204.23748792,1.503,1.56,0.464,0.242316049100511,263716.794256554
2.15,0.418,84971598.4946137,503823.180031419,1.478,1.539,0.503,0.166456422423569,105648.320733392
3,0.98,68635646.7221124,503823.180031419,1.441,1.617,0.501,0.279455414391227,143268.433511686
0.26,0.594,145702617.80883,498978.767180072,1.336,1.338,0.546,0.194706882148813,211902.905195829
4.47,0.725,110326321.232038,503823.180031419,1.471,1.467,0.42,0.224418779009313,184938.182855778
4.14,0.385,68635646.7221124,503823.180031419,1.782,1.483,0.487,0.163338363210357,83738.6939898393
2.21,0.341,136752178.826227,417993.759568193,1.659,1.428,0.44,0.147229453976612,150389.394142468
3.24,0.788,120703373.658017,498978.767180072,1.777,1.672,0.488,0.253957078753825,228964.412140896
2.54,0.722,120703373.658017,417993.759568193,1.428,1.554,0.538,0.238278780598901,214829.061639831
3.91,0.33,110326321.232038,492204.23748792,1.747,1.531,0.445,0.146543230422207,120762.793843442
3.63,0.526,154222876.816518,498978.767180072,1.644,1.699,0.534,0.194767430906831,224364.111293182
4.93,0.811,75905147.9040892,498978.767180072,1.575,1.585,0.464,0.249205714795769,141291.970501325
1.02,0.552,120703373.658017,500994.568547431,1.764,1.483,0.485,0.201913219879702,182042.343218343
3.43,1.005,136752178.826227,498978.767180072,1.399,1.38,0.458,0.267851926966221,273600.749906617
1.54,0.59,120443412.640707,503823.180031419,1.659,1.638,0.55,0.220442653002081,198320.19242539
4.06,0.352,136752178.826227,498978.767180072,1.43,1.487,0.495,0.148050115879372,151227.669657445
2.97,0.922,84971598.4946137,492204.23748792,1.376,1.454,0.48,0.262480665424197,166594.001741102
4.58,0.612,154222876.816518,417993.759568193,1.732,1.357,0.515,0.216721171284184,249653.92194783
4.16,1.235,120443412.640707,500994.568547431,1.416,1.344,0.521,0.320180176386423,288048.584640973
3.61,0.978,105671890.448763,498978.767180072,1.371,1.431,0.435,0.268270351455921,211748.532376103
3.21,0.722,105671890.448763,500994.568547431,1.36,1.693,0.587,0.230357210550123,181823.302469024
2.16,0.582,154222876.816518,492204.23748792,1.52,1.65,0.426,0.20314176357572,234010.999883233
0.26,1.205,120703373.658017,503823.180031419,1.462,1.582,0.513,0.318616648213911,287260.642288759
2.11,0.329,68635646.7221124,500994.568547431,1.338,1.666,0.514,0.147857717217834,75802.2297566117
0.59,0.587,84971598.4946137,503823.180031419,1.756,1.644,0.471,0.213525077616004,135522.352073595
0.75,0.647,68635646.7221124,498978.767180072,1.526,1.606,0.403,0.219376156705295,112467.594837799
4.65,0.694,75905147.9040892,503823.180031419,1.434,1.302,0.433,0.217134276100545,123108.45182169
0.25,1.058,154222876.816518,417993.759568193,1.79,1.422,0.445,0.312369605002365,359837.004036282
2.05,0.418,68635646.7221124,498978.767180072,1.333,1.46,0.57,0.163019091470822,83575.0129171807
2.68,1.252,105671890.448763,492204.23748792,1.763,1.634,0.531,0.340985643316859,269143.456001808
1.24,1.069,68635646.7221124,500994.568547431,1.517,1.599,0.571,0.303742046456367,155719.463450852
0.25,1.077,120703373.658017,417993.759568193,1.597,1.425,0.496,0.315508088150713,284458.004807783
1.55,0.624,136752178.826227,498978.767180072,1.684,1.435,0.411,0.211334734771527,215870.546722248
3.56,1.21,75905147.9040892,500994.568547431,1.396,1.608,0.571,0.316815977522858,179624.90863098
0.33,0.499,110326321.232038,503823.180031419,1.337,1.412,0.53,0.177453136237845,146234.912705429
2.99,0.622,128208122.829654,503823.180031419,1.761,1.305,0.598,0.209639029187768,200759.421291653
3.37,0.935,120443412.640707,498978.767180072,1.31,1.568,0.446,0.270030054527115,242931.264186656
1.56,0.817,105671890.448763,503823.180031419,1.518,1.608,0.523,0.253263422398472,199903.409774438
3.32,1.132,120703373.658017,500994.568547431,1.513,1.397,0.539,0.303418999483438,273558.639081872
2.77,0.83,136752178.826227,500994.568547431,1.328,1.616,0.588,0.243717551408577,248948.385722087
2.8,0.855,136752178.826227,498978.767180072,1.483,1.624,0.426,0.24994698289424,255311.517566138
4.89,0.37,120703373.658017,500994.568547431,1.573,1.457,0.468,0.156044096706058,140687.336008434
0.73,0.761,120443412.640707,492204.23748792,1.35,1.586,0.502,0.249651576693965,224597.862777407
2.31,1.049,84971598.4946137,500994.568547431,1.351,1.318,0.523,0.281834157596681,178877.480615513
1.62,0.833,84971598.4946137,492204.23748792,1.584,1.603,0.566,0.259214815866998,164521.197841665
0.91,1.26,120703373.658017,500994.568547431,1.406,1.549,0.508,0.321940961521853,290257.800100072
3.18,0.342,68635646.7221124,498978.767180072,1.694,1.334,0.497,0.146188534818722,74946.4898594726
